"d__Viruses,-__Retro_transcribing_viruses,f__Hepadnaviridae,g__Orthohepadnavirus,s__Hepatitis_B_virus",0.001230205985690244
"d__Viruses,-__Retro_transcribing_viruses,f__Retroviridae,-__Orthoretrovirinae,g__Deltaretrovirus,-__unclassified_Deltaretrovirus,s__Human_T_lymphotropic_virus_4",0.0005454100919674258
"d__Viruses,-__Retro_transcribing_viruses,f__Retroviridae,-__Orthoretrovirinae,g__Deltaretrovirus,s__Primate_T_lymphotropic_virus_1",0.00067772360172443
"d__Viruses,-__Retro_transcribing_viruses,f__Retroviridae,-__Orthoretrovirinae,g__Deltaretrovirus,s__Primate_T_lymphotropic_virus_2",0.0006867550354196262
"d__Viruses,-__Retro_transcribing_viruses,f__Retroviridae,-__Orthoretrovirinae,g__Deltaretrovirus,s__Primate_T_lymphotropic_virus_3",0.0006491734798521014
"d__Viruses,-__Retro_transcribing_viruses,f__Retroviridae,-__Orthoretrovirinae,g__Gammaretrovirus,-__Mammalian_gammaretrovirus_group,-__Replication_competent_viruses,s__Murine_leukemia_virus",0.00042236071482204535
"d__Viruses,-__Retro_transcribing_viruses,f__Retroviridae,-__Orthoretrovirinae,g__Gammaretrovirus,-__Mammalian_gammaretrovirus_group,-__Replication_competent_viruses,s__Porcine_type_C_oncovirus",0.00020633833860121364
"d__Viruses,-__Retro_transcribing_viruses,f__Retroviridae,-__Orthoretrovirinae,g__Lentivirus,-__Primate_lentivirus_group,-__unclassified_Primate_lentivirus_group,s__Human_immunodeficiency_virus",0.0008527330092947898
"d__Viruses,-__Retro_transcribing_viruses,f__Retroviridae,-__Orthoretrovirinae,g__Lentivirus,-__Primate_lentivirus_group,s__Human_immunodeficiency_virus_1",0.0019290012380157198
"d__Viruses,-__Retro_transcribing_viruses,f__Retroviridae,-__Orthoretrovirinae,g__Lentivirus,-__Primate_lentivirus_group,s__Human_immunodeficiency_virus_2",0.001213983573284774
"d__Viruses,-__Retro_transcribing_viruses,f__Retroviridae,-__Spumaretrovirinae,g__Spumavirus,s__African_green_monkey_simian_foamy_virus",0.0007233374980037763
"d__Viruses,-__Retro_transcribing_viruses,f__Retroviridae,-__Spumaretrovirinae,g__Spumavirus,s__Macaque_simian_foamy_virus",0.000751597143930853
"d__Viruses,-__Retro_transcribing_viruses,f__Retroviridae,-__Spumaretrovirinae,g__Spumavirus,s__Simian_foamy_virus",0.0009960814531512821
"d__Viruses,-__dsDNA_viruses__no_RNA_stage,f__Adenoviridae,g__Mastadenovirus,s__Human_mastadenovirus_A",0.0031483856150356943
"d__Viruses,-__dsDNA_viruses__no_RNA_stage,f__Adenoviridae,g__Mastadenovirus,s__Human_mastadenovirus_B",0.0037896231483613477
"d__Viruses,-__dsDNA_viruses__no_RNA_stage,f__Adenoviridae,g__Mastadenovirus,s__Human_mastadenovirus_C",0.0034769115830004887
"d__Viruses,-__dsDNA_viruses__no_RNA_stage,f__Adenoviridae,g__Mastadenovirus,s__Human_mastadenovirus_D",0.0036448741559238795
"d__Viruses,-__dsDNA_viruses__no_RNA_stage,f__Adenoviridae,g__Mastadenovirus,s__Human_mastadenovirus_E",0.0034330977473892156
"d__Viruses,-__dsDNA_viruses__no_RNA_stage,f__Adenoviridae,g__Mastadenovirus,s__Human_mastadenovirus_F",0.0029052265407735166
"d__Viruses,-__dsDNA_viruses__no_RNA_stage,f__Adenoviridae,g__Mastadenovirus,s__Human_mastadenovirus_G",0.0025875321054490944
"d__Viruses,-__dsDNA_viruses__no_RNA_stage,f__Adenoviridae,g__Mastadenovirus,s__Platyrrhini_mastadenovirus_A",0.0015483111060450624
"d__Viruses,-__dsDNA_viruses__no_RNA_stage,f__Papillomaviridae,-__unclassified_Papillomaviridae,-__Human_papillomavirus_types,s__Human_papillomavirus",0.001035430550849053
"d__Viruses,-__dsDNA_viruses__no_RNA_stage,f__Papillomaviridae,-__unclassified_Papillomaviridae,-__Human_papillomavirus_types,s__Human_papillomavirus_type_136",0.0005542872711216332
"d__Viruses,-__dsDNA_viruses__no_RNA_stage,f__Papillomaviridae,-__unclassified_Papillomaviridae,-__Human_papillomavirus_types,s__Human_papillomavirus_type_140",0.00047899467470626357
"d__Viruses,-__dsDNA_viruses__no_RNA_stage,f__Papillomaviridae,-__unclassified_Papillomaviridae,-__Human_papillomavirus_types,s__Human_papillomavirus_type_141",0.00047918819881612325
"d__Viruses,-__dsDNA_viruses__no_RNA_stage,f__Papillomaviridae,-__unclassified_Papillomaviridae,-__Human_papillomavirus_types,s__Human_papillomavirus_type_143",0.0013839124912320613
"d__Viruses,-__dsDNA_viruses__no_RNA_stage,f__Papillomaviridae,-__unclassified_Papillomaviridae,-__Human_papillomavirus_types,s__Human_papillomavirus_type_145",0.0012011841595021234
"d__Viruses,-__dsDNA_viruses__no_RNA_stage,f__Papillomaviridae,-__unclassified_Papillomaviridae,-__Human_papillomavirus_types,s__Human_papillomavirus_type_154",0.0005073900420006201
"d__Viruses,-__dsDNA_viruses__no_RNA_stage,f__Papillomaviridae,-__unclassified_Papillomaviridae,-__Human_papillomavirus_types,s__Human_papillomavirus_type_155",0.0005073423715437301
"d__Viruses,-__dsDNA_viruses__no_RNA_stage,f__Papillomaviridae,-__unclassified_Papillomaviridae,-__Human_papillomavirus_types,s__Human_papillomavirus_type_179",0.0004694394892498357
"d__Viruses,-__dsDNA_viruses__no_RNA_stage,f__Papillomaviridae,-__unclassified_Papillomaviridae,-__Human_papillomavirus_types,s__Human_papillomavirus_type_197",0.0006389776357827476
"d__Viruses,-__dsDNA_viruses__no_RNA_stage,f__Papillomaviridae,-__unclassified_Papillomaviridae,-__Human_papillomavirus_types,s__Human_papillomavirus_type_78",0.0013488995069867295
"d__Viruses,-__dsDNA_viruses__no_RNA_stage,f__Papillomaviridae,g__Alphapapillomavirus,s__Alphapapillomavirus_1",0.0014620715845438147
"d__Viruses,-__dsDNA_viruses__no_RNA_stage,f__Papillomaviridae,g__Alphapapillomavirus,s__Alphapapillomavirus_10",0.0016350587005085793
"d__Viruses,-__dsDNA_viruses__no_RNA_stage,f__Papillomaviridae,g__Alphapapillomavirus,s__Alphapapillomavirus_11",0.0014540961794335678
"d__Viruses,-__dsDNA_viruses__no_RNA_stage,f__Papillomaviridae,g__Alphapapillomavirus,s__Alphapapillomavirus_13",0.0011942335579629788
"d__Viruses,-__dsDNA_viruses__no_RNA_stage,f__Papillomaviridae,g__Alphapapillomavirus,s__Alphapapillomavirus_14",0.00144405704025309
"d__Viruses,-__dsDNA_viruses__no_RNA_stage,f__Papillomaviridae,g__Alphapapillomavirus,s__Alphapapillomavirus_2",0.0016177072330545168
"d__Viruses,-__dsDNA_viruses__no_RNA_stage,f__Papillomaviridae,g__Alphapapillomavirus,s__Alphapapillomavirus_3",0.0017308277541083384
"d__Viruses,-__dsDNA_viruses__no_RNA_stage,f__Papillomaviridae,g__Alphapapillomavirus,s__Alphapapillomavirus_4",0.0014432480677566987
"d__Viruses,-__dsDNA_viruses__no_RNA_stage,f__Papillomaviridae,g__Alphapapillomavirus,s__Alphapapillomavirus_5",0.0017985440357805586
"d__Viruses,-__dsDNA_viruses__no_RNA_stage,f__Papillomaviridae,g__Alphapapillomavirus,s__Alphapapillomavirus_6",0.0016364432097121001
"d__Viruses,-__dsDNA_viruses__no_RNA_stage,f__Papillomaviridae,g__Alphapapillomavirus,s__Alphapapillomavirus_7",0.0021379962012388924
"d__Viruses,-__dsDNA_viruses__no_RNA_stage,f__Papillomaviridae,g__Alphapapillomavirus,s__Alphapapillomavirus_8",0.001499165022013056
"d__Viruses,-__dsDNA_viruses__no_RNA_stage,f__Papillomaviridae,g__Alphapapillomavirus,s__Alphapapillomavirus_9",0.0023404661826518917
"d__Viruses,-__dsDNA_viruses__no_RNA_stage,f__Papillomaviridae,g__Betapapillomavirus,-__unclassified_Betapapillomavirus,s__Colobus_monkey_papillomavirus",0.001174164591362315
"d__Viruses,-__dsDNA_viruses__no_RNA_stage,f__Papillomaviridae,g__Betapapillomavirus,s__Betapapillomavirus_1",0.002035303964087347
"d__Viruses,-__dsDNA_viruses__no_RNA_stage,f__Papillomaviridae,g__Betapapillomavirus,s__Betapapillomavirus_2",0.001936494375622953
"d__Viruses,-__dsDNA_viruses__no_RNA_stage,f__Papillomaviridae,g__Betapapillomavirus,s__Betapapillomavirus_3",0.0013823793968659754
"d__Viruses,-__dsDNA_viruses__no_RNA_stage,f__Papillomaviridae,g__Betapapillomavirus,s__Betapapillomavirus_4",0.0009733785686609902
"d__Viruses,-__dsDNA_viruses__no_RNA_stage,f__Papillomaviridae,g__Betapapillomavirus,s__Betapapillomavirus_5",0.0011530863964159806
"d__Viruses,-__dsDNA_viruses__no_RNA_stage,f__Papillomaviridae,g__Betapapillomavirus,s__Betapapillomavirus_6",0.001067447572265256
"d__Viruses,-__dsDNA_viruses__no_RNA_stage,f__Papillomaviridae,g__Gammapapillomavirus,-__unclassified_Gammapapillomavirus,s__Human_papillomavirus_KC5",0.0005635496111507683
"d__Viruses,-__dsDNA_viruses__no_RNA_stage,f__Papillomaviridae,g__Gammapapillomavirus,-__unclassified_Gammapapillomavirus,s__Human_papillomavirus_type_201",0.0006012607686743139
"d__Viruses,-__dsDNA_viruses__no_RNA_stage,f__Papillomaviridae,g__Gammapapillomavirus,s__Gammapapillomavirus_1",0.0011486461040183782
"d__Viruses,-__dsDNA_viruses__no_RNA_stage,f__Papillomaviridae,g__Gammapapillomavirus,s__Gammapapillomavirus_10",0.0008848474579462125
"d__Viruses,-__dsDNA_viruses__no_RNA_stage,f__Papillomaviridae,g__Gammapapillomavirus,s__Gammapapillomavirus_11",0.0005261180007515971
"d__Viruses,-__dsDNA_viruses__no_RNA_stage,f__Papillomaviridae,g__Gammapapillomavirus,s__Gammapapillomavirus_12",0.0008275343238668422
"d__Viruses,-__dsDNA_viruses__no_RNA_stage,f__Papillomaviridae,g__Gammapapillomavirus,s__Gammapapillomavirus_13",0.0006481003146573992
"d__Viruses,-__dsDNA_viruses__no_RNA_stage,f__Papillomaviridae,g__Gammapapillomavirus,s__Gammapapillomavirus_14",0.0006104891426854009
"d__Viruses,-__dsDNA_viruses__no_RNA_stage,f__Papillomaviridae,g__Gammapapillomavirus,s__Gammapapillomavirus_15",0.0006387975575387506
"d__Viruses,-__dsDNA_viruses__no_RNA_stage,f__Papillomaviridae,g__Gammapapillomavirus,s__Gammapapillomavirus_16",0.00040380895141145317
"d__Viruses,-__dsDNA_viruses__no_RNA_stage,f__Papillomaviridae,g__Gammapapillomavirus,s__Gammapapillomavirus_17",0.0005635231467132513
"d__Viruses,-__dsDNA_viruses__no_RNA_stage,f__Papillomaviridae,g__Gammapapillomavirus,s__Gammapapillomavirus_18",0.0003941108577541311
"d__Viruses,-__dsDNA_viruses__no_RNA_stage,f__Papillomaviridae,g__Gammapapillomavirus,s__Gammapapillomavirus_19",0.0005917993518388051
"d__Viruses,-__dsDNA_viruses__no_RNA_stage,f__Papillomaviridae,g__Gammapapillomavirus,s__Gammapapillomavirus_2",0.0008928067966092138
"d__Viruses,-__dsDNA_viruses__no_RNA_stage,f__Papillomaviridae,g__Gammapapillomavirus,s__Gammapapillomavirus_20",0.0007237386269644334
"d__Viruses,-__dsDNA_viruses__no_RNA_stage,f__Papillomaviridae,g__Gammapapillomavirus,s__Gammapapillomavirus_21",0.00040357018836403906
"d__Viruses,-__dsDNA_viruses__no_RNA_stage,f__Papillomaviridae,g__Gammapapillomavirus,s__Gammapapillomavirus_22",0.00026263213679382437
"d__Viruses,-__dsDNA_viruses__no_RNA_stage,f__Papillomaviridae,g__Gammapapillomavirus,s__Gammapapillomavirus_24",0.0006013568113055081
"d__Viruses,-__dsDNA_viruses__no_RNA_stage,f__Papillomaviridae,g__Gammapapillomavirus,s__Gammapapillomavirus_3",0.0007231540787768366
"d__Viruses,-__dsDNA_viruses__no_RNA_stage,f__Papillomaviridae,g__Gammapapillomavirus,s__Gammapapillomavirus_4",0.0008363718377626583
"d__Viruses,-__dsDNA_viruses__no_RNA_stage,f__Papillomaviridae,g__Gammapapillomavirus,s__Gammapapillomavirus_5",0.000563565491006434
"d__Viruses,-__dsDNA_viruses__no_RNA_stage,f__Papillomaviridae,g__Gammapapillomavirus,s__Gammapapillomavirus_6",0.0006585322257448469
"d__Viruses,-__dsDNA_viruses__no_RNA_stage,f__Papillomaviridae,g__Gammapapillomavirus,s__Gammapapillomavirus_7",0.0007812867698969267
"d__Viruses,-__dsDNA_viruses__no_RNA_stage,f__Papillomaviridae,g__Gammapapillomavirus,s__Gammapapillomavirus_8",0.000733862090377939
"d__Viruses,-__dsDNA_viruses__no_RNA_stage,f__Papillomaviridae,g__Gammapapillomavirus,s__Gammapapillomavirus_9",0.0005166114049012332
"d__Viruses,-__dsDNA_viruses__no_RNA_stage,f__Papillomaviridae,g__Mupapillomavirus,s__Mupapillomavirus_1",0.000969083416442429
"d__Viruses,-__dsDNA_viruses__no_RNA_stage,f__Papillomaviridae,g__Mupapillomavirus,s__Mupapillomavirus_2",0.0009589710804407506
"d__Viruses,-__dsDNA_viruses__no_RNA_stage,f__Papillomaviridae,g__Nupapillomavirus,s__Nupapillomavirus_1",0.0006573016826923077
"d__Viruses,-__dsDNA_viruses__no_RNA_stage,f__Polyomaviridae,-__unclassified_Polyomaviridae,s__KI_polyomavirus",0.0003566635067531419
"d__Viruses,-__dsDNA_viruses__no_RNA_stage,f__Polyomaviridae,-__unclassified_Polyomaviridae,s__LI_polyomavirus",0.00016883177789241664
"d__Viruses,-__dsDNA_viruses__no_RNA_stage,f__Polyomaviridae,-__unclassified_Polyomaviridae,s__MW_polyomavirus",0.00015004454447414077
"d__Viruses,-__dsDNA_viruses__no_RNA_stage,f__Polyomaviridae,-__unclassified_Polyomaviridae,s__Merkel_cell_polyomavirus",0.0003851284074470683
"d__Viruses,-__dsDNA_viruses__no_RNA_stage,f__Polyomaviridae,-__unclassified_Polyomaviridae,s__New_Jersey_polyomavirus_2013",0.00015006143139847876
"d__Viruses,-__dsDNA_viruses__no_RNA_stage,f__Polyomaviridae,-__unclassified_Polyomaviridae,s__Trichodysplasia_spinulosa_associated_polyomavirus",0.00015943578489299045
"d__Viruses,-__dsDNA_viruses__no_RNA_stage,f__Polyomaviridae,g__Alphapolyomavirus,s__Human_polyomavirus_12",0.0001031488531722961
"d__Viruses,-__dsDNA_viruses__no_RNA_stage,f__Polyomaviridae,g__Alphapolyomavirus,s__Human_polyomavirus_9",0.0001594193385035213
"d__Viruses,-__dsDNA_viruses__no_RNA_stage,f__Polyomaviridae,g__Betapolyomavirus,s__Human_polyomavirus_1",0.0004983919805909236
"d__Viruses,-__dsDNA_viruses__no_RNA_stage,f__Polyomaviridae,g__Betapolyomavirus,s__Human_polyomavirus_2",0.0004796027760537155
"d__Viruses,-__dsDNA_viruses__no_RNA_stage,f__Polyomaviridae,g__Betapolyomavirus,s__Human_polyomavirus_4",0.00038486088686967297
"d__Viruses,-__dsDNA_viruses__no_RNA_stage,f__Polyomaviridae,g__Betapolyomavirus,s__Macaca_mulatta_polyomavirus_1",0.0005078003780291703
"d__Viruses,-__dsDNA_viruses__no_RNA_stage,f__Poxviridae,-__Chordopoxvirinae,g__Molluscipoxvirus,s__Molluscum_contagiosum_virus",0.011551076219891182
"d__Viruses,-__dsDNA_viruses__no_RNA_stage,f__Poxviridae,-__Chordopoxvirinae,g__Orthopoxvirus,s__Cowpox_virus",0.01658804877571392
"d__Viruses,-__dsDNA_viruses__no_RNA_stage,f__Poxviridae,-__Chordopoxvirinae,g__Orthopoxvirus,s__Ectromelia_virus",0.014800326950023354
"d__Viruses,-__dsDNA_viruses__no_RNA_stage,f__Poxviridae,-__Chordopoxvirinae,g__Orthopoxvirus,s__Monkeypox_virus",0.014585542895507574
"d__Viruses,-__dsDNA_viruses__no_RNA_stage,f__Poxviridae,-__Chordopoxvirinae,g__Orthopoxvirus,s__Vaccinia_virus",0.015557856082506446
"d__Viruses,-__dsDNA_viruses__no_RNA_stage,f__Poxviridae,-__Chordopoxvirinae,g__Orthopoxvirus,s__Variola_virus",0.014437342517195419
"d__Viruses,-__dsDNA_viruses__no_RNA_stage,f__Poxviridae,-__Chordopoxvirinae,g__Parapoxvirus,s__Orf_virus",0.012967843964153927
"d__Viruses,-__dsDNA_viruses__no_RNA_stage,f__Poxviridae,-__Chordopoxvirinae,g__Yatapoxvirus,s__Tanapox_virus",0.011242438522422366
"d__Viruses,-__dsDNA_viruses__no_RNA_stage,f__Poxviridae,-__Chordopoxvirinae,g__Yatapoxvirus,s__Yaba_monkey_tumor_virus",0.010358910296449335
"d__Viruses,-__dsDNA_viruses__no_RNA_stage,o__Herpesvirales,f__Herpesviridae,-__Alphaherpesvirinae,g__Simplexvirus,s__Cercopithecine_alphaherpesvirus_2",0.007742308247869421
"d__Viruses,-__dsDNA_viruses__no_RNA_stage,o__Herpesvirales,f__Herpesviridae,-__Alphaherpesvirinae,g__Simplexvirus,s__Human_alphaherpesvirus_1",0.008989937070440508
"d__Viruses,-__dsDNA_viruses__no_RNA_stage,o__Herpesvirales,f__Herpesviridae,-__Alphaherpesvirinae,g__Simplexvirus,s__Human_alphaherpesvirus_2",0.008576147107964806
"d__Viruses,-__dsDNA_viruses__no_RNA_stage,o__Herpesvirales,f__Herpesviridae,-__Alphaherpesvirinae,g__Simplexvirus,s__Macacine_alphaherpesvirus_1",0.008294673083785844
"d__Viruses,-__dsDNA_viruses__no_RNA_stage,o__Herpesvirales,f__Herpesviridae,-__Alphaherpesvirinae,g__Simplexvirus,s__Papiine_alphaherpesvirus_2",0.008291394304004936
"d__Viruses,-__dsDNA_viruses__no_RNA_stage,o__Herpesvirales,f__Herpesviridae,-__Alphaherpesvirinae,g__Varicellovirus,s__Human_alphaherpesvirus_3",0.006838775859121217
"d__Viruses,-__dsDNA_viruses__no_RNA_stage,o__Herpesvirales,f__Herpesviridae,-__Betaherpesvirinae,g__Cytomegalovirus,s__Cercopithecine_betaherpesvirus_5",0.004647260661362694
"d__Viruses,-__dsDNA_viruses__no_RNA_stage,o__Herpesvirales,f__Herpesviridae,-__Betaherpesvirinae,g__Cytomegalovirus,s__Human_betaherpesvirus_5",0.013892766711274996
"d__Viruses,-__dsDNA_viruses__no_RNA_stage,o__Herpesvirales,f__Herpesviridae,-__Betaherpesvirinae,g__Roseolovirus,s__Human_betaherpesvirus_6A",0.009391860387664024
"d__Viruses,-__dsDNA_viruses__no_RNA_stage,o__Herpesvirales,f__Herpesviridae,-__Betaherpesvirinae,g__Roseolovirus,s__Human_betaherpesvirus_6B",0.009503605471945814
"d__Viruses,-__dsDNA_viruses__no_RNA_stage,o__Herpesvirales,f__Herpesviridae,-__Betaherpesvirinae,g__Roseolovirus,s__Human_betaherpesvirus_7",0.00861782914134567
"d__Viruses,-__dsDNA_viruses__no_RNA_stage,o__Herpesvirales,f__Herpesviridae,-__Gammaherpesvirinae,g__Lymphocryptovirus,s__Human_gammaherpesvirus_4",0.00789328356787843
"d__Viruses,-__dsDNA_viruses__no_RNA_stage,o__Herpesvirales,f__Herpesviridae,-__Gammaherpesvirinae,g__Rhadinovirus,s__Human_gammaherpesvirus_8",0.007818086475663823
"d__Viruses,-__dsRNA_viruses,f__Picobirnaviridae,g__Picobirnavirus,s__Human_picobirnavirus",0.0003096788723935362
"d__Viruses,-__dsRNA_viruses,f__Reoviridae,-__Sedoreovirinae,g__Rotavirus,-__unclassified_rotaviruses,s__Rotavirus_I",0.0002438132390588809
"d__Viruses,-__dsRNA_viruses,f__Reoviridae,-__Sedoreovirinae,g__Rotavirus,s__Rotavirus_A",0.0016763980302323144
"d__Viruses,-__dsRNA_viruses,f__Reoviridae,-__Sedoreovirinae,g__Rotavirus,s__Rotavirus_B",0.0012125769610377402
"d__Viruses,-__dsRNA_viruses,f__Reoviridae,-__Sedoreovirinae,g__Rotavirus,s__Rotavirus_C",0.0017703303985610148
"d__Viruses,-__dsRNA_viruses,f__Reoviridae,-__Sedoreovirinae,g__Rotavirus,s__Rotavirus_F",0.00026271098976365394
"d__Viruses,-__dsRNA_viruses,f__Reoviridae,-__Sedoreovirinae,g__Rotavirus,s__Rotavirus_G",0.0004785272619796016
"d__Viruses,-__dsRNA_viruses,f__Reoviridae,-__Sedoreovirinae,g__Rotavirus,s__Rotavirus_H",0.0011076795989824367
"d__Viruses,-__dsRNA_viruses,f__Reoviridae,-__Sedoreovirinae,g__Seadornavirus,s__Banna_virus",0.0009758202989387954
"d__Viruses,-__dsRNA_viruses,f__Reoviridae,-__Spinareovirinae,g__Coltivirus,s__Colorado_tick_fever_virus",0.0014644312186696206
"d__Viruses,-__ssDNA_viruses,f__Anelloviridae,-__unclassified_Anelloviridae,s__Small_anellovirus",0.00015937898447461186
"d__Viruses,-__ssDNA_viruses,f__Anelloviridae,-__unclassified_Anelloviridae,s__Torque_teno_virus",0.0006851629373779847
"d__Viruses,-__ssDNA_viruses,f__Anelloviridae,g__Alphatorquevirus,s__Torque_teno_virus_1",0.0002532714225411566
"d__Viruses,-__ssDNA_viruses,f__Anelloviridae,g__Alphatorquevirus,s__Torque_teno_virus_12",0.00015939093909390938
"d__Viruses,-__ssDNA_viruses,f__Anelloviridae,g__Alphatorquevirus,s__Torque_teno_virus_2",0.0001218814749533569
"d__Viruses,-__ssDNA_viruses,f__Anelloviridae,g__Alphatorquevirus,s__Torque_teno_virus_25",0.00015937898447461186
"d__Viruses,-__ssDNA_viruses,f__Anelloviridae,g__Alphatorquevirus,s__Torque_teno_virus_27",0.00021565667457407807
"d__Viruses,-__ssDNA_viruses,f__Anelloviridae,g__Alphatorquevirus,s__Torque_teno_virus_3",0.0002532262905162065
"d__Viruses,-__ssDNA_viruses,f__Anelloviridae,g__Alphatorquevirus,s__Torque_teno_virus_4",0.0001968946894689469
"d__Viruses,-__ssDNA_viruses,f__Anelloviridae,g__Alphatorquevirus,s__Torque_teno_virus_6",0.0001968946894689469
"d__Viruses,-__ssDNA_viruses,f__Anelloviridae,g__Betatorquevirus,s__Torque_teno_mini_virus_1",0.00015000234378662167
"d__Viruses,-__ssDNA_viruses,f__Anelloviridae,g__Gammatorquevirus,s__Torque_teno_midi_virus_1",0.00015938197296131706
"d__Viruses,-__ssDNA_viruses,f__Inoviridae,-__environmental_samples,s__Uncultured_phage_WW_nAnB_strain_2",0.00019688545954003807
"d__Viruses,-__ssDNA_viruses,f__Parvoviridae,-__Parvovirinae,g__Dependoparvovirus,s__Adeno_associated_dependoparvovirus_A",0.00039473313220740407
"d__Viruses,-__ssDNA_viruses,f__Parvoviridae,-__Parvovirinae,g__Dependoparvovirus,s__Adeno_associated_dependoparvovirus_B",0.00024413374773472052
"d__Viruses,-__ssDNA_viruses,f__Parvoviridae,-__Parvovirinae,g__Erythroparvovirus,s__Primate_erythroparvovirus_1",0.00029109621199316393
"d__Viruses,-__ssRNA_viruses,-__ssRNA_negative_strand_viruses,f__Arenaviridae,-__unclassified_Arenaviridae,g__Arenavirus,-__Old_world_arenaviruses,-__unclassified_Old_world_arenaviruses,s__Mopeia_Lassa_virus_reassortant_29",0.0006885623196061046
"d__Viruses,-__ssRNA_viruses,-__ssRNA_negative_strand_viruses,f__Arenaviridae,-__unclassified_Arenaviridae,s__Morogoro_mammarenavirus",0.00038561378428200597
"d__Viruses,-__ssRNA_viruses,-__ssRNA_negative_strand_viruses,f__Arenaviridae,g__Mammarenavirus,s__Allpahuayo_mammarenavirus",0.0006766917293233082
"d__Viruses,-__ssRNA_viruses,-__ssRNA_negative_strand_viruses,f__Arenaviridae,g__Mammarenavirus,s__Amapar_mammarenavirus",0.0008095108107344899
"d__Viruses,-__ssRNA_viruses,-__ssRNA_negative_strand_viruses,f__Arenaviridae,g__Mammarenavirus,s__Bear_Canyon_mammarenavirus",0.0005450154577660004
"d__Viruses,-__ssRNA_viruses,-__ssRNA_negative_strand_viruses,f__Arenaviridae,g__Mammarenavirus,s__Chapare_mammarenavirus",0.0009606600299499892
"d__Viruses,-__ssRNA_viruses,-__ssRNA_negative_strand_viruses,f__Arenaviridae,g__Mammarenavirus,s__Cupixi_mammarenavirus",0.0007905807945336985
"d__Viruses,-__ssRNA_viruses,-__ssRNA_negative_strand_viruses,f__Arenaviridae,g__Mammarenavirus,s__Flexal_mammarenavirus",0.000629651905871739
"d__Viruses,-__ssRNA_viruses,-__ssRNA_negative_strand_viruses,f__Arenaviridae,g__Mammarenavirus,s__Gairo_mammarenavirus",0.0007643384226319664
"d__Viruses,-__ssRNA_viruses,-__ssRNA_negative_strand_viruses,f__Arenaviridae,g__Mammarenavirus,s__Guanarito_mammarenavirus",0.0009416373189702254
"d__Viruses,-__ssRNA_viruses,-__ssRNA_negative_strand_viruses,f__Arenaviridae,g__Mammarenavirus,s__Ippy_mammarenavirus",0.0006881923167570116
"d__Viruses,-__ssRNA_viruses,-__ssRNA_negative_strand_viruses,f__Arenaviridae,g__Mammarenavirus,s__Junin_mammarenavirus",0.0009982107543083153
"d__Viruses,-__ssRNA_viruses,-__ssRNA_negative_strand_viruses,f__Arenaviridae,g__Mammarenavirus,s__Lassa_mammarenavirus",0.0010972483659512481
"d__Viruses,-__ssRNA_viruses,-__ssRNA_negative_strand_viruses,f__Arenaviridae,g__Mammarenavirus,s__Latino_mammarenavirus",0.0005547093886914499
"d__Viruses,-__ssRNA_viruses,-__ssRNA_negative_strand_viruses,f__Arenaviridae,g__Mammarenavirus,s__Lujo_mammarenavirus",0.0004133628950434031
"d__Viruses,-__ssRNA_viruses,-__ssRNA_negative_strand_viruses,f__Arenaviridae,g__Mammarenavirus,s__Luna_mammarenavirus",0.000726278060743256
"d__Viruses,-__ssRNA_viruses,-__ssRNA_negative_strand_viruses,f__Arenaviridae,g__Mammarenavirus,s__Lunk_mammarenavirus",0.0007153210473806072
"d__Viruses,-__ssRNA_viruses,-__ssRNA_negative_strand_viruses,f__Arenaviridae,g__Mammarenavirus,s__Lymphocytic_choriomeningitis_mammarenavirus",0.0008381519220989585
"d__Viruses,-__ssRNA_viruses,-__ssRNA_negative_strand_viruses,f__Arenaviridae,g__Mammarenavirus,s__Machupo_mammarenavirus",0.000941788078846498
"d__Viruses,-__ssRNA_viruses,-__ssRNA_negative_strand_viruses,f__Arenaviridae,g__Mammarenavirus,s__Mobala_mammarenavirus",0.0006790787165412257
"d__Viruses,-__ssRNA_viruses,-__ssRNA_negative_strand_viruses,f__Arenaviridae,g__Mammarenavirus,s__Mopeia_mammarenavirus",0.0006884519262507663
"d__Viruses,-__ssRNA_viruses,-__ssRNA_negative_strand_viruses,f__Arenaviridae,g__Mammarenavirus,s__Oliveros_mammarenavirus",0.0005829149508283034
"d__Viruses,-__ssRNA_viruses,-__ssRNA_negative_strand_viruses,f__Arenaviridae,g__Mammarenavirus,s__Parana_mammarenavirus",0.0006013737631902879
"d__Viruses,-__ssRNA_viruses,-__ssRNA_negative_strand_viruses,f__Arenaviridae,g__Mammarenavirus,s__Pichinde_mammarenavirus",0.0008085366426926151
"d__Viruses,-__ssRNA_viruses,-__ssRNA_negative_strand_viruses,f__Arenaviridae,g__Mammarenavirus,s__Pirital_mammarenavirus",0.0007144401515365164
"d__Viruses,-__ssRNA_viruses,-__ssRNA_negative_strand_viruses,f__Arenaviridae,g__Mammarenavirus,s__Sabia_mammarenavirus",0.0009793765891326868
"d__Viruses,-__ssRNA_viruses,-__ssRNA_negative_strand_viruses,f__Arenaviridae,g__Mammarenavirus,s__Tacaribe_mammarenavirus",0.0008565673299572657
"d__Viruses,-__ssRNA_viruses,-__ssRNA_negative_strand_viruses,f__Arenaviridae,g__Mammarenavirus,s__Tamiami_mammarenavirus",0.0004981015751287546
"d__Viruses,-__ssRNA_viruses,-__ssRNA_negative_strand_viruses,f__Arenaviridae,g__Mammarenavirus,s__Whitewater_Arroyo_mammarenavirus",0.0005923724988716715
"d__Viruses,-__ssRNA_viruses,-__ssRNA_negative_strand_viruses,f__Orthomyxoviridae,g__Influenzavirus_A,s__Influenza_A_virus",0.0014919769188206466
"d__Viruses,-__ssRNA_viruses,-__ssRNA_negative_strand_viruses,f__Orthomyxoviridae,g__Influenzavirus_B,s__Influenza_B_virus",0.0008330177962892843
"d__Viruses,-__ssRNA_viruses,-__ssRNA_negative_strand_viruses,f__Orthomyxoviridae,g__Influenzavirus_C,s__Influenza_C_virus",0.0006803621038308167
"d__Viruses,-__ssRNA_viruses,-__ssRNA_negative_strand_viruses,f__Orthomyxoviridae,g__Thogotovirus,s__Dhori_virus",0.0003750867388083494
"d__Viruses,-__ssRNA_viruses,-__ssRNA_negative_strand_viruses,o__Bunyavirales,f__Hantaviridae,g__Orthohantavirus,-__unclassified_Orthohantavirus,-__unclassified_Hantavirus,s__Hantavirus_Z10",0.0008285550188778729
"d__Viruses,-__ssRNA_viruses,-__ssRNA_negative_strand_viruses,o__Bunyavirales,f__Hantaviridae,g__Orthohantavirus,s__Bowe_orthohantavirus",0.0006302975568914101
"d__Viruses,-__ssRNA_viruses,-__ssRNA_negative_strand_viruses,o__Bunyavirales,f__Hantaviridae,g__Orthohantavirus,s__Bruges_orthohantavirus",0.0006397832263891764
"d__Viruses,-__ssRNA_viruses,-__ssRNA_negative_strand_viruses,o__Bunyavirales,f__Hantaviridae,g__Orthohantavirus,s__Cao_Bang_orthohantavirus",0.000658780127426899
"d__Viruses,-__ssRNA_viruses,-__ssRNA_negative_strand_viruses,o__Bunyavirales,f__Hantaviridae,g__Orthohantavirus,s__Dobrava_Belgrade_orthohantavirus",0.0008381203503154723
"d__Viruses,-__ssRNA_viruses,-__ssRNA_negative_strand_viruses,o__Bunyavirales,f__Hantaviridae,g__Orthohantavirus,s__Fugong_orthohantavirus",0.0008104262276543815
"d__Viruses,-__ssRNA_viruses,-__ssRNA_negative_strand_viruses,o__Bunyavirales,f__Hantaviridae,g__Orthohantavirus,s__Hantaan_orthohantavirus",0.0008191396209360789
"d__Viruses,-__ssRNA_viruses,-__ssRNA_negative_strand_viruses,o__Bunyavirales,f__Hantaviridae,g__Orthohantavirus,s__Jeju_orthohantavirus",0.0006680780992707598
"d__Viruses,-__ssRNA_viruses,-__ssRNA_negative_strand_viruses,o__Bunyavirales,f__Hantaviridae,g__Orthohantavirus,s__Montano_orthohantavirus",0.0008198961464881115
"d__Viruses,-__ssRNA_viruses,-__ssRNA_negative_strand_viruses,o__Bunyavirales,f__Hantaviridae,g__Orthohantavirus,s__Nova_orthohantavirus",0.00043233489036551096
"d__Viruses,-__ssRNA_viruses,-__ssRNA_negative_strand_viruses,o__Bunyavirales,f__Hantaviridae,g__Orthohantavirus,s__Puumala_orthohantavirus",0.0008199116003355041
"d__Viruses,-__ssRNA_viruses,-__ssRNA_negative_strand_viruses,o__Bunyavirales,f__Hantaviridae,g__Orthohantavirus,s__Quezon_orthohantavirus",0.0004699822346715294
"d__Viruses,-__ssRNA_viruses,-__ssRNA_negative_strand_viruses,o__Bunyavirales,f__Hantaviridae,g__Orthohantavirus,s__Seoul_orthohantavirus",0.0008380572138835007
"d__Viruses,-__ssRNA_viruses,-__ssRNA_negative_strand_viruses,o__Bunyavirales,f__Hantaviridae,g__Orthohantavirus,s__Sin_Nombre_orthohantavirus",0.0008481844141401766
"d__Viruses,-__ssRNA_viruses,-__ssRNA_negative_strand_viruses,o__Bunyavirales,f__Hantaviridae,g__Orthohantavirus,s__Tula_orthohantavirus",0.0008198961464881115
"d__Viruses,-__ssRNA_viruses,-__ssRNA_negative_strand_viruses,o__Bunyavirales,f__Nairoviridae,g__Orthonairovirus,-__unclassified_Nairovirus,s__Tofla_virus",0.0007703147017379051
"d__Viruses,-__ssRNA_viruses,-__ssRNA_negative_strand_viruses,o__Bunyavirales,f__Nairoviridae,g__Orthonairovirus,-__unclassified_Nairovirus,s__Yogue_virus",0.00027199399737385104
"d__Viruses,-__ssRNA_viruses,-__ssRNA_negative_strand_viruses,o__Bunyavirales,f__Nairoviridae,g__Orthonairovirus,s__Crimean_Congo_hemorrhagic_fever_orthonairovirus",0.0012124174099380632
"d__Viruses,-__ssRNA_viruses,-__ssRNA_negative_strand_viruses,o__Bunyavirales,f__Nairoviridae,g__Orthonairovirus,s__Dugbe_orthonairovirus",0.001213090088395712
"d__Viruses,-__ssRNA_viruses,-__ssRNA_negative_strand_viruses,o__Bunyavirales,f__Nairoviridae,g__Orthonairovirus,s__Keterah_orthonairovirus",0.00021572747054851053
"d__Viruses,-__ssRNA_viruses,-__ssRNA_negative_strand_viruses,o__Bunyavirales,f__Nairoviridae,g__Orthonairovirus,s__Nairobi_sheep_disease_orthonairovirus",0.0011472419175866545
"d__Viruses,-__ssRNA_viruses,-__ssRNA_negative_strand_viruses,o__Bunyavirales,f__Nairoviridae,g__Orthonairovirus,s__Thiafora_orthonairovirus",0.00034718964061180446
"d__Viruses,-__ssRNA_viruses,-__ssRNA_negative_strand_viruses,o__Bunyavirales,f__Peribunyaviridae,g__Orthobunyavirus,-__unclassified_Orthobunyavirus,s__Brazoran_virus",0.0003097340979698338
"d__Viruses,-__ssRNA_viruses,-__ssRNA_negative_strand_viruses,o__Bunyavirales,f__Peribunyaviridae,g__Orthobunyavirus,s__Akabane_orthobunyavirus",0.00045069999342729175
"d__Viruses,-__ssRNA_viruses,-__ssRNA_negative_strand_viruses,o__Bunyavirales,f__Peribunyaviridae,g__Orthobunyavirus,s__Bunyamwera_orthobunyavirus",0.0009112430482489102
"d__Viruses,-__ssRNA_viruses,-__ssRNA_negative_strand_viruses,o__Bunyavirales,f__Peribunyaviridae,g__Orthobunyavirus,s__Bwamba_orthobunyavirus",0.0006009953986289792
"d__Viruses,-__ssRNA_viruses,-__ssRNA_negative_strand_viruses,o__Bunyavirales,f__Peribunyaviridae,g__Orthobunyavirus,s__California_encephalitis_orthobunyavirus",0.0009492213565406991
"d__Viruses,-__ssRNA_viruses,-__ssRNA_negative_strand_viruses,o__Bunyavirales,f__Peribunyaviridae,g__Orthobunyavirus,s__Capim_orthobunyavirus",0.0003097573567372225
"d__Viruses,-__ssRNA_viruses,-__ssRNA_negative_strand_viruses,o__Bunyavirales,f__Peribunyaviridae,g__Orthobunyavirus,s__Caraparu_orthobunyavirus",0.00034730044304272733
"d__Viruses,-__ssRNA_viruses,-__ssRNA_negative_strand_viruses,o__Bunyavirales,f__Peribunyaviridae,g__Orthobunyavirus,s__Guaroa_orthobunyavirus",0.0004505773021684033
"d__Viruses,-__ssRNA_viruses,-__ssRNA_negative_strand_viruses,o__Bunyavirales,f__Peribunyaviridae,g__Orthobunyavirus,s__Kaeng_Khoi_orthobunyavirus",0.000488162069807176
"d__Viruses,-__ssRNA_viruses,-__ssRNA_negative_strand_viruses,o__Bunyavirales,f__Peribunyaviridae,g__Orthobunyavirus,s__Madrid_orthobunyavirus",0.0003285366975491162
"d__Viruses,-__ssRNA_viruses,-__ssRNA_negative_strand_viruses,o__Bunyavirales,f__Peribunyaviridae,g__Orthobunyavirus,s__Manzanilla_orthobunyavirus",0.0008837908988341481
"d__Viruses,-__ssRNA_viruses,-__ssRNA_negative_strand_viruses,o__Bunyavirales,f__Peribunyaviridae,g__Orthobunyavirus,s__Marituba_orthobunyavirus",0.0003285366975491162
"d__Viruses,-__ssRNA_viruses,-__ssRNA_negative_strand_viruses,o__Bunyavirales,f__Peribunyaviridae,g__Orthobunyavirus,s__Nyando_orthobunyavirus",0.0004317586656780019
"d__Viruses,-__ssRNA_viruses,-__ssRNA_negative_strand_viruses,o__Bunyavirales,f__Peribunyaviridae,g__Orthobunyavirus,s__Oriboca_orthobunyavirus",0.00034732652448182637
"d__Viruses,-__ssRNA_viruses,-__ssRNA_negative_strand_viruses,o__Bunyavirales,f__Peribunyaviridae,g__Orthobunyavirus,s__Oropouche_orthobunyavirus",0.0011576579544278064
"d__Viruses,-__ssRNA_viruses,-__ssRNA_negative_strand_viruses,o__Bunyavirales,f__Peribunyaviridae,g__Orthobunyavirus,s__Sathuperi_orthobunyavirus",0.0004788687430164975
"d__Viruses,-__ssRNA_viruses,-__ssRNA_negative_strand_viruses,o__Bunyavirales,f__Peribunyaviridae,g__Orthobunyavirus,s__Shamonda_orthobunyavirus",0.00046012413961481034
"d__Viruses,-__ssRNA_viruses,-__ssRNA_negative_strand_viruses,o__Bunyavirales,f__Peribunyaviridae,g__Orthobunyavirus,s__Shuni_orthobunyavirus",0.000431904605417586
"d__Viruses,-__ssRNA_viruses,-__ssRNA_negative_strand_viruses,o__Bunyavirales,f__Peribunyaviridae,g__Orthobunyavirus,s__Simbu_orthobunyavirus",0.0004977367066734284
"d__Viruses,-__ssRNA_viruses,-__ssRNA_negative_strand_viruses,o__Bunyavirales,f__Peribunyaviridae,g__Orthobunyavirus,s__Tete_orthobunyavirus",0.00040361185680226776
"d__Viruses,-__ssRNA_viruses,-__ssRNA_negative_strand_viruses,o__Bunyavirales,f__Peribunyaviridae,g__Orthobunyavirus,s__Wyeomyia_orthobunyavirus",0.0006666729265063522
"d__Viruses,-__ssRNA_viruses,-__ssRNA_negative_strand_viruses,o__Bunyavirales,f__Phenuiviridae,g__Phlebovirus,-__unclassified_Phlebovirus,s__Aguacate_virus",0.00038483921229983667
"d__Viruses,-__ssRNA_viruses,-__ssRNA_negative_strand_viruses,o__Bunyavirales,f__Phenuiviridae,g__Phlebovirus,-__unclassified_Phlebovirus,s__Ambe_virus",0.0003941959341505078
"d__Viruses,-__ssRNA_viruses,-__ssRNA_negative_strand_viruses,o__Bunyavirales,f__Phenuiviridae,g__Phlebovirus,-__unclassified_Phlebovirus,s__Anhanga_virus",0.00038477781427431843
"d__Viruses,-__ssRNA_viruses,-__ssRNA_negative_strand_viruses,o__Bunyavirales,f__Phenuiviridae,g__Phlebovirus,-__unclassified_Phlebovirus,s__Arumowot_virus",0.00026274550282920605
"d__Viruses,-__ssRNA_viruses,-__ssRNA_negative_strand_viruses,o__Bunyavirales,f__Phenuiviridae,g__Phlebovirus,-__unclassified_Phlebovirus,s__Sandfly_fever_Sicilian_virus",0.0007983469521931061
"d__Viruses,-__ssRNA_viruses,-__ssRNA_negative_strand_viruses,o__Bunyavirales,f__Phenuiviridae,g__Phlebovirus,-__unclassified_Phlebovirus,s__Tapara_virus",0.00030966724846573953
"d__Viruses,-__ssRNA_viruses,-__ssRNA_negative_strand_viruses,o__Bunyavirales,f__Phenuiviridae,g__Phlebovirus,-__unclassified_Phlebovirus,s__Toros_virus",0.00045050963902915173
"d__Viruses,-__ssRNA_viruses,-__ssRNA_negative_strand_viruses,o__Bunyavirales,f__Phenuiviridae,g__Phlebovirus,-__unclassified_Phlebovirus,s__Uriurana_virus",0.00032847503120512795
"d__Viruses,-__ssRNA_viruses,-__ssRNA_negative_strand_viruses,o__Bunyavirales,f__Phenuiviridae,g__Phlebovirus,-__unclassified_Phlebovirus,s__Urucuri_virus",0.0003190511044798529
"d__Viruses,-__ssRNA_viruses,-__ssRNA_negative_strand_viruses,o__Bunyavirales,f__Phenuiviridae,g__Phlebovirus,-__unclassified_Phlebovirus,s__Zerdali_virus",0.00043170193796630846
"d__Viruses,-__ssRNA_viruses,-__ssRNA_negative_strand_viruses,o__Bunyavirales,f__Phenuiviridae,g__Phlebovirus,s__Bujaru_phlebovirus",0.00033784100826772024
"d__Viruses,-__ssRNA_viruses,-__ssRNA_negative_strand_viruses,o__Bunyavirales,f__Phenuiviridae,g__Phlebovirus,s__Candiru_phlebovirus",0.0004505180958101817
"d__Viruses,-__ssRNA_viruses,-__ssRNA_negative_strand_viruses,o__Bunyavirales,f__Phenuiviridae,g__Phlebovirus,s__Punta_Toro_phlebovirus",0.0006102999859161542
"d__Viruses,-__ssRNA_viruses,-__ssRNA_negative_strand_viruses,o__Bunyavirales,f__Phenuiviridae,g__Phlebovirus,s__Rift_Valley_fever_phlebovirus",0.0007798186686710199
"d__Viruses,-__ssRNA_viruses,-__ssRNA_negative_strand_viruses,o__Bunyavirales,f__Phenuiviridae,g__Phlebovirus,s__Salehabad_phlebovirus",0.0003284442067133996
"d__Viruses,-__ssRNA_viruses,-__ssRNA_negative_strand_viruses,o__Bunyavirales,f__Phenuiviridae,g__Phlebovirus,s__Sandfly_fever_Naples_phlebovirus",0.0009864990557794753
"d__Viruses,-__ssRNA_viruses,-__ssRNA_negative_strand_viruses,o__Bunyavirales,f__Phenuiviridae,g__Phlebovirus,s__Uukuniemi_phlebovirus",0.0007419303336808196
"d__Viruses,-__ssRNA_viruses,-__ssRNA_negative_strand_viruses,o__Mononegavirales,f__Filoviridae,g__Cuevavirus,s__Lloviu_cuevavirus",0.0006033466886636814
"d__Viruses,-__ssRNA_viruses,-__ssRNA_negative_strand_viruses,o__Mononegavirales,f__Filoviridae,g__Ebolavirus,s__Bundibugyo_ebolavirus",0.0010915061836198141
"d__Viruses,-__ssRNA_viruses,-__ssRNA_negative_strand_viruses,o__Mononegavirales,f__Filoviridae,g__Ebolavirus,s__Reston_ebolavirus",0.001072808574873494
"d__Viruses,-__ssRNA_viruses,-__ssRNA_negative_strand_viruses,o__Mononegavirales,f__Filoviridae,g__Ebolavirus,s__Sudan_ebolavirus",0.001081655502210752
"d__Viruses,-__ssRNA_viruses,-__ssRNA_negative_strand_viruses,o__Mononegavirales,f__Filoviridae,g__Ebolavirus,s__Tai_Forest_ebolavirus",0.0011105099803525157
"d__Viruses,-__ssRNA_viruses,-__ssRNA_negative_strand_viruses,o__Mononegavirales,f__Filoviridae,g__Ebolavirus,s__Zaire_ebolavirus",0.0012447028865705109
"d__Viruses,-__ssRNA_viruses,-__ssRNA_negative_strand_viruses,o__Mononegavirales,f__Filoviridae,g__Marburgvirus,s__Marburg_marburgvirus",0.00098188238182007
"d__Viruses,-__ssRNA_viruses,-__ssRNA_negative_strand_viruses,o__Mononegavirales,f__Paramyxoviridae,-__unclassified_Paramyxoviridae,s__Beilong_virus",0.0003376603886846252
"d__Viruses,-__ssRNA_viruses,-__ssRNA_negative_strand_viruses,o__Mononegavirales,f__Paramyxoviridae,-__unclassified_Paramyxoviridae,s__J_virus",0.00035640927039270673
"d__Viruses,-__ssRNA_viruses,-__ssRNA_negative_strand_viruses,o__Mononegavirales,f__Paramyxoviridae,-__unclassified_Paramyxoviridae,s__Mossman_virus",0.0003752380416326607
"d__Viruses,-__ssRNA_viruses,-__ssRNA_negative_strand_viruses,o__Mononegavirales,f__Paramyxoviridae,-__unclassified_Paramyxoviridae,s__Nariva_virus",0.0004033506242554429
"d__Viruses,-__ssRNA_viruses,-__ssRNA_negative_strand_viruses,o__Mononegavirales,f__Paramyxoviridae,-__unclassified_Paramyxoviridae,s__Salem_virus",0.0003470235694656775
"d__Viruses,-__ssRNA_viruses,-__ssRNA_negative_strand_viruses,o__Mononegavirales,f__Paramyxoviridae,-__unclassified_Paramyxoviridae,s__Tailam_virus",0.0003376540546624397
"d__Viruses,-__ssRNA_viruses,-__ssRNA_negative_strand_viruses,o__Mononegavirales,f__Paramyxoviridae,-__unclassified_Paramyxoviridae,s__Tupaia_paramyxovirus",0.000337650887740459
"d__Viruses,-__ssRNA_viruses,-__ssRNA_negative_strand_viruses,o__Mononegavirales,f__Paramyxoviridae,g__Aquaparamyxovirus,s__Salmon_aquaparamyxovirus",0.00029069767441860465
"d__Viruses,-__ssRNA_viruses,-__ssRNA_negative_strand_viruses,o__Mononegavirales,f__Paramyxoviridae,g__Avulavirus,s__Avian_avulavirus_1",0.00021564656465646566
"d__Viruses,-__ssRNA_viruses,-__ssRNA_negative_strand_viruses,o__Mononegavirales,f__Paramyxoviridae,g__Avulavirus,s__Avian_avulavirus_10",0.0001687700414424213
"d__Viruses,-__ssRNA_viruses,-__ssRNA_negative_strand_viruses,o__Mononegavirales,f__Paramyxoviridae,g__Avulavirus,s__Avian_avulavirus_11",0.00015938197296131706
"d__Viruses,-__ssRNA_viruses,-__ssRNA_negative_strand_viruses,o__Mononegavirales,f__Paramyxoviridae,g__Avulavirus,s__Avian_avulavirus_3",0.0001312471289690538
"d__Viruses,-__ssRNA_viruses,-__ssRNA_negative_strand_viruses,o__Mononegavirales,f__Paramyxoviridae,g__Avulavirus,s__Avian_avulavirus_4",0.0001499981250234372
"d__Viruses,-__ssRNA_viruses,-__ssRNA_negative_strand_viruses,o__Mononegavirales,f__Paramyxoviridae,g__Avulavirus,s__Avian_avulavirus_5",0.00015000515642725218
"d__Viruses,-__ssRNA_viruses,-__ssRNA_negative_strand_viruses,o__Mononegavirales,f__Paramyxoviridae,g__Avulavirus,s__Avian_avulavirus_6",0.0003202531884030669
"d__Viruses,-__ssRNA_viruses,-__ssRNA_negative_strand_viruses,o__Mononegavirales,f__Paramyxoviridae,g__Avulavirus,s__Avian_avulavirus_7",0.00020627449509629268
"d__Viruses,-__ssRNA_viruses,-__ssRNA_negative_strand_viruses,o__Mononegavirales,f__Paramyxoviridae,g__Avulavirus,s__Avian_avulavirus_8",0.00015937749027328553
"d__Viruses,-__ssRNA_viruses,-__ssRNA_negative_strand_viruses,o__Mononegavirales,f__Paramyxoviridae,g__Avulavirus,s__Avian_avulavirus_9",0.00011250070312939456
"d__Viruses,-__ssRNA_viruses,-__ssRNA_negative_strand_viruses,o__Mononegavirales,f__Paramyxoviridae,g__Ferlavirus,s__Reptilian_ferlavirus",0.0002532049178021813
"d__Viruses,-__ssRNA_viruses,-__ssRNA_negative_strand_viruses,o__Mononegavirales,f__Paramyxoviridae,g__Henipavirus,s__Cedar_henipavirus",0.0004691795925644418
"d__Viruses,-__ssRNA_viruses,-__ssRNA_negative_strand_viruses,o__Mononegavirales,f__Paramyxoviridae,g__Henipavirus,s__Hendra_henipavirus",0.0010717005255092928
"d__Viruses,-__ssRNA_viruses,-__ssRNA_negative_strand_viruses,o__Mononegavirales,f__Paramyxoviridae,g__Henipavirus,s__Mojiang_henipavirus",0.00048786437370411026
"d__Viruses,-__ssRNA_viruses,-__ssRNA_negative_strand_viruses,o__Mononegavirales,f__Paramyxoviridae,g__Henipavirus,s__Nipah_henipavirus",0.0010623296042117137
"d__Viruses,-__ssRNA_viruses,-__ssRNA_negative_strand_viruses,o__Mononegavirales,f__Paramyxoviridae,g__Morbillivirus,s__Canine_morbillivirus",0.0007420975999248508
"d__Viruses,-__ssRNA_viruses,-__ssRNA_negative_strand_viruses,o__Mononegavirales,f__Paramyxoviridae,g__Morbillivirus,s__Cetacean_morbillivirus",0.0007327934461960504
"d__Viruses,-__ssRNA_viruses,-__ssRNA_negative_strand_viruses,o__Mononegavirales,f__Paramyxoviridae,g__Morbillivirus,s__Feline_morbillivirus",0.0004785946209718286
"d__Viruses,-__ssRNA_viruses,-__ssRNA_negative_strand_viruses,o__Mononegavirales,f__Paramyxoviridae,g__Morbillivirus,s__Measles_morbillivirus",0.0010253612281757977
"d__Viruses,-__ssRNA_viruses,-__ssRNA_negative_strand_viruses,o__Mononegavirales,f__Paramyxoviridae,g__Morbillivirus,s__Phocine_morbillivirus",0.0007138697375589412
"d__Viruses,-__ssRNA_viruses,-__ssRNA_negative_strand_viruses,o__Mononegavirales,f__Paramyxoviridae,g__Morbillivirus,s__Rinderpest_morbillivirus",0.0008175385511713354
"d__Viruses,-__ssRNA_viruses,-__ssRNA_negative_strand_viruses,o__Mononegavirales,f__Paramyxoviridae,g__Morbillivirus,s__Small_ruminant_morbillivirus",0.0008173849319315651
"d__Viruses,-__ssRNA_viruses,-__ssRNA_negative_strand_viruses,o__Mononegavirales,f__Paramyxoviridae,g__Respirovirus,s__Bovine_respirovirus_3",0.0009764891459475701
"d__Viruses,-__ssRNA_viruses,-__ssRNA_negative_strand_viruses,o__Mononegavirales,f__Paramyxoviridae,g__Respirovirus,s__Human_respirovirus_1",0.0008447769319579113
"d__Viruses,-__ssRNA_viruses,-__ssRNA_negative_strand_viruses,o__Mononegavirales,f__Paramyxoviridae,g__Respirovirus,s__Human_respirovirus_3",0.0009860914153698782
"d__Viruses,-__ssRNA_viruses,-__ssRNA_negative_strand_viruses,o__Mononegavirales,f__Paramyxoviridae,g__Respirovirus,s__Murine_respirovirus",0.0007789404532870349
"d__Viruses,-__ssRNA_viruses,-__ssRNA_negative_strand_viruses,o__Mononegavirales,f__Paramyxoviridae,g__Respirovirus,s__Porcine_respirovirus_1",0.0006944118613053066
"d__Viruses,-__ssRNA_viruses,-__ssRNA_negative_strand_viruses,o__Mononegavirales,f__Paramyxoviridae,g__Rubulavirus,s__Achimota_rubulavirus_1",0.0004128121892180962
"d__Viruses,-__ssRNA_viruses,-__ssRNA_negative_strand_viruses,o__Mononegavirales,f__Paramyxoviridae,g__Rubulavirus,s__Achimota_rubulavirus_2",0.00047850032369139544
"d__Viruses,-__ssRNA_viruses,-__ssRNA_negative_strand_viruses,o__Mononegavirales,f__Paramyxoviridae,g__Rubulavirus,s__Human_rubulavirus_2",0.0010991385384275744
"d__Viruses,-__ssRNA_viruses,-__ssRNA_negative_strand_viruses,o__Mononegavirales,f__Paramyxoviridae,g__Rubulavirus,s__Human_rubulavirus_4",0.0007509903685485234
"d__Viruses,-__ssRNA_viruses,-__ssRNA_negative_strand_viruses,o__Mononegavirales,f__Paramyxoviridae,g__Rubulavirus,s__Mammalian_rubulavirus_5",0.0011462717979555022
"d__Viruses,-__ssRNA_viruses,-__ssRNA_negative_strand_viruses,o__Mononegavirales,f__Paramyxoviridae,g__Rubulavirus,s__Menangle_rubulavirus",0.0003846659035895896
"d__Viruses,-__ssRNA_viruses,-__ssRNA_negative_strand_viruses,o__Mononegavirales,f__Paramyxoviridae,g__Rubulavirus,s__Mumps_rubulavirus",0.0010899694620624854
"d__Viruses,-__ssRNA_viruses,-__ssRNA_negative_strand_viruses,o__Mononegavirales,f__Paramyxoviridae,g__Rubulavirus,s__Porcine_rubulavirus",0.00048797424997419365
"d__Viruses,-__ssRNA_viruses,-__ssRNA_negative_strand_viruses,o__Mononegavirales,f__Paramyxoviridae,g__Rubulavirus,s__Sosuga_rubulavirus",0.00034706914180119506
"d__Viruses,-__ssRNA_viruses,-__ssRNA_negative_strand_viruses,o__Mononegavirales,f__Paramyxoviridae,g__Rubulavirus,s__Tioman_rubulavirus",0.00036589828027808267
"d__Viruses,-__ssRNA_viruses,-__ssRNA_negative_strand_viruses,o__Mononegavirales,f__Paramyxoviridae,g__Rubulavirus,s__Tuhoko_rubulavirus_1",0.0003939888557437947
"d__Viruses,-__ssRNA_viruses,-__ssRNA_negative_strand_viruses,o__Mononegavirales,f__Paramyxoviridae,g__Rubulavirus,s__Tuhoko_rubulavirus_2",0.0004034338790636581
"d__Viruses,-__ssRNA_viruses,-__ssRNA_negative_strand_viruses,o__Mononegavirales,f__Paramyxoviridae,g__Rubulavirus,s__Tuhoko_rubulavirus_3",0.000356466107577719
"d__Viruses,-__ssRNA_viruses,-__ssRNA_negative_strand_viruses,o__Mononegavirales,f__Pneumoviridae,g__Metapneumovirus,s__Human_metapneumovirus",0.0007693029364855991
"d__Viruses,-__ssRNA_viruses,-__ssRNA_negative_strand_viruses,o__Mononegavirales,f__Pneumoviridae,g__Orthopneumovirus,s__Human_orthopneumovirus",0.0011059437386569872
"d__Viruses,-__ssRNA_viruses,-__ssRNA_negative_strand_viruses,o__Mononegavirales,f__Pneumoviridae,g__Pneumovirus,-__unclassified_Pneumovirus,s__Respiratory_syncytial_virus",0.0011153646202561559
"d__Viruses,-__ssRNA_viruses,-__ssRNA_negative_strand_viruses,o__Mononegavirales,f__Rhabdoviridae,g__Ledantevirus,s__Le_Dantec_ledantevirus",0.0001406786337291092
"d__Viruses,-__ssRNA_viruses,-__ssRNA_negative_strand_viruses,o__Mononegavirales,f__Rhabdoviridae,g__Lyssavirus,-__unclassified_Lyssavirus,s__Lleida_bat_lyssavirus",0.0005743987645718375
"d__Viruses,-__ssRNA_viruses,-__ssRNA_negative_strand_viruses,o__Mononegavirales,f__Rhabdoviridae,g__Lyssavirus,-__unclassified_Lyssavirus,s__Lyssavirus_Ozernoe",0.0008215995693685016
"d__Viruses,-__ssRNA_viruses,-__ssRNA_negative_strand_viruses,o__Mononegavirales,f__Rhabdoviridae,g__Lyssavirus,s__Aravan_lyssavirus",0.0008501473588755384
"d__Viruses,-__ssRNA_viruses,-__ssRNA_negative_strand_viruses,o__Mononegavirales,f__Rhabdoviridae,g__Lyssavirus,s__Australian_bat_lyssavirus",0.0008598127308975122
"d__Viruses,-__ssRNA_viruses,-__ssRNA_negative_strand_viruses,o__Mononegavirales,f__Rhabdoviridae,g__Lyssavirus,s__Bokeloh_bat_lyssavirus",0.0008691462527515092
"d__Viruses,-__ssRNA_viruses,-__ssRNA_negative_strand_viruses,o__Mononegavirales,f__Rhabdoviridae,g__Lyssavirus,s__Duvenhage_lyssavirus",0.0008215762932744065
"d__Viruses,-__ssRNA_viruses,-__ssRNA_negative_strand_viruses,o__Mononegavirales,f__Rhabdoviridae,g__Lyssavirus,s__European_bat_1_lyssavirus",0.0008593580312201939
"d__Viruses,-__ssRNA_viruses,-__ssRNA_negative_strand_viruses,o__Mononegavirales,f__Rhabdoviridae,g__Lyssavirus,s__European_bat_2_lyssavirus",0.0008595772013677668
"d__Viruses,-__ssRNA_viruses,-__ssRNA_negative_strand_viruses,o__Mononegavirales,f__Rhabdoviridae,g__Lyssavirus,s__Ikoma_lyssavirus",0.0005648600559211456
"d__Viruses,-__ssRNA_viruses,-__ssRNA_negative_strand_viruses,o__Mononegavirales,f__Rhabdoviridae,g__Lyssavirus,s__Irkut_lyssavirus",0.0008216538853840051
"d__Viruses,-__ssRNA_viruses,-__ssRNA_negative_strand_viruses,o__Mononegavirales,f__Rhabdoviridae,g__Lyssavirus,s__Khujand_lyssavirus",0.0008312630475236863
"d__Viruses,-__ssRNA_viruses,-__ssRNA_negative_strand_viruses,o__Mononegavirales,f__Rhabdoviridae,g__Lyssavirus,s__Lagos_bat_lyssavirus",0.0008875460296478142
"d__Viruses,-__ssRNA_viruses,-__ssRNA_negative_strand_viruses,o__Mononegavirales,f__Rhabdoviridae,g__Lyssavirus,s__Mokola_lyssavirus",0.0008116729901655436
"d__Viruses,-__ssRNA_viruses,-__ssRNA_negative_strand_viruses,o__Mononegavirales,f__Rhabdoviridae,g__Lyssavirus,s__Rabies_lyssavirus",0.0009735441733853817
"d__Viruses,-__ssRNA_viruses,-__ssRNA_negative_strand_viruses,o__Mononegavirales,f__Rhabdoviridae,g__Lyssavirus,s__Shimoni_bat_lyssavirus",0.0007933434704999008
"d__Viruses,-__ssRNA_viruses,-__ssRNA_negative_strand_viruses,o__Mononegavirales,f__Rhabdoviridae,g__Lyssavirus,s__West_Caucasian_bat_lyssavirus",0.0006881858290282439
"d__Viruses,-__ssRNA_viruses,-__ssRNA_negative_strand_viruses,o__Mononegavirales,f__Rhabdoviridae,g__Vesiculovirus,s__Chandipura_vesiculovirus",0.0007422858646220919
"d__Viruses,-__ssRNA_viruses,-__ssRNA_negative_strand_viruses,o__Mononegavirales,f__Rhabdoviridae,g__Vesiculovirus,s__Indiana_vesiculovirus",0.0007711115290577393
"d__Viruses,-__ssRNA_viruses,-__ssRNA_negative_strand_viruses,o__Mononegavirales,f__Rhabdoviridae,g__Vesiculovirus,s__Isfahan_vesiculovirus",0.0007516112666528872
"d__Viruses,-__ssRNA_viruses,-__ssRNA_negative_strand_viruses,o__Mononegavirales,f__Rhabdoviridae,g__Vesiculovirus,s__Jurona_vesiculovirus",0.0004976852938690806
"d__Viruses,-__ssRNA_viruses,-__ssRNA_negative_strand_viruses,o__Mononegavirales,f__Rhabdoviridae,g__Vesiculovirus,s__Maraba_vesiculovirus",0.0007427255206129836
"d__Viruses,-__ssRNA_viruses,-__ssRNA_positive_strand_viruses__no_DNA_stage,f__Astroviridae,-__unclassified_Astroviridae,s__Human_astrovirus",0.0005364301981968416
"d__Viruses,-__ssRNA_viruses,-__ssRNA_positive_strand_viruses__no_DNA_stage,f__Astroviridae,g__Mamastrovirus,s__Mamastrovirus_1",0.0006780235613187558
"d__Viruses,-__ssRNA_viruses,-__ssRNA_positive_strand_viruses__no_DNA_stage,f__Caliciviridae,g__Norovirus,s__Norwalk_virus",0.001016537560121608
"d__Viruses,-__ssRNA_viruses,-__ssRNA_positive_strand_viruses__no_DNA_stage,f__Caliciviridae,g__Sapovirus,s__Sapporo_virus",0.0007802511844777017
"d__Viruses,-__ssRNA_viruses,-__ssRNA_positive_strand_viruses__no_DNA_stage,f__Flaviviridae,g__Flavivirus,-__Dengue_virus_group,s__Dengue_virus",0.0015000525496116105
"d__Viruses,-__ssRNA_viruses,-__ssRNA_positive_strand_viruses__no_DNA_stage,f__Flaviviridae,g__Flavivirus,-__Japanese_encephalitis_virus_group,s__Japanese_encephalitis_virus",0.001318697999184115
"d__Viruses,-__ssRNA_viruses,-__ssRNA_positive_strand_viruses__no_DNA_stage,f__Flaviviridae,g__Flavivirus,-__Japanese_encephalitis_virus_group,s__Murray_Valley_encephalitis_virus",0.0012135116942708975
"d__Viruses,-__ssRNA_viruses,-__ssRNA_positive_strand_viruses__no_DNA_stage,f__Flaviviridae,g__Flavivirus,-__Japanese_encephalitis_virus_group,s__St__Louis_encephalitis_virus",0.001155510934732575
"d__Viruses,-__ssRNA_viruses,-__ssRNA_positive_strand_viruses__no_DNA_stage,f__Flaviviridae,g__Flavivirus,-__Japanese_encephalitis_virus_group,s__Usutu_virus",0.001175834700399215
"d__Viruses,-__ssRNA_viruses,-__ssRNA_positive_strand_viruses__no_DNA_stage,f__Flaviviridae,g__Flavivirus,-__Japanese_encephalitis_virus_group,s__West_Nile_virus",0.0013293200527929965
"d__Viruses,-__ssRNA_viruses,-__ssRNA_positive_strand_viruses__no_DNA_stage,f__Flaviviridae,g__Flavivirus,-__Kokobera_virus_group,s__Kokobera_virus",0.000736863982466416
"d__Viruses,-__ssRNA_viruses,-__ssRNA_positive_strand_viruses__no_DNA_stage,f__Flaviviridae,g__Flavivirus,-__Modoc_virus_group,s__Modoc_virus",0.00017835853821097
"d__Viruses,-__ssRNA_viruses,-__ssRNA_positive_strand_viruses__no_DNA_stage,f__Flaviviridae,g__Flavivirus,-__Ntaya_virus_group,s__Bagaza_virus",0.0008605607830157455
"d__Viruses,-__ssRNA_viruses,-__ssRNA_positive_strand_viruses__no_DNA_stage,f__Flaviviridae,g__Flavivirus,-__Ntaya_virus_group,s__Ntaya_virus",0.0008981922698736858
"d__Viruses,-__ssRNA_viruses,-__ssRNA_positive_strand_viruses__no_DNA_stage,f__Flaviviridae,g__Flavivirus,-__Ntaya_virus_group,s__Tembusu_virus",0.0009745574279253281
"d__Viruses,-__ssRNA_viruses,-__ssRNA_positive_strand_viruses__no_DNA_stage,f__Flaviviridae,g__Flavivirus,-__Ntaya_virus_group,s__Yokose_virus",0.0003763112093701491
"d__Viruses,-__ssRNA_viruses,-__ssRNA_positive_strand_viruses__no_DNA_stage,f__Flaviviridae,g__Flavivirus,-__Rio_Bravo_virus_group,s__Apoi_virus",0.00024417960348989
"d__Viruses,-__ssRNA_viruses,-__ssRNA_positive_strand_viruses__no_DNA_stage,f__Flaviviridae,g__Flavivirus,-__Rio_Bravo_virus_group,s__Entebbe_bat_virus",0.000404420409122972
"d__Viruses,-__ssRNA_viruses,-__ssRNA_positive_strand_viruses__no_DNA_stage,f__Flaviviridae,g__Flavivirus,-__Rio_Bravo_virus_group,s__Rio_Bravo_virus",0.0002441612591208316
"d__Viruses,-__ssRNA_viruses,-__ssRNA_positive_strand_viruses__no_DNA_stage,f__Flaviviridae,g__Flavivirus,-__Rio_Bravo_virus_group,s__Saboya_virus",0.0004800496992629825
"d__Viruses,-__ssRNA_viruses,-__ssRNA_positive_strand_viruses__no_DNA_stage,f__Flaviviridae,g__Flavivirus,-__Seaborne_tick_borne_virus_group,s__Meaban_virus",0.0004421989518943991
"d__Viruses,-__ssRNA_viruses,-__ssRNA_positive_strand_viruses__no_DNA_stage,f__Flaviviridae,g__Flavivirus,-__Seaborne_tick_borne_virus_group,s__Saumarez_Reef_virus",0.0003763112093701491
"d__Viruses,-__ssRNA_viruses,-__ssRNA_positive_strand_viruses__no_DNA_stage,f__Flaviviridae,g__Flavivirus,-__Yellow_fever_virus_group,s__Banzi_virus",0.0004519688894747745
"d__Viruses,-__ssRNA_viruses,-__ssRNA_positive_strand_viruses__no_DNA_stage,f__Flaviviridae,g__Flavivirus,-__Yellow_fever_virus_group,s__Bouboui_virus",0.0004331205393292281
"d__Viruses,-__ssRNA_viruses,-__ssRNA_positive_strand_viruses__no_DNA_stage,f__Flaviviridae,g__Flavivirus,-__Yellow_fever_virus_group,s__Edge_Hill_virus",0.00048022146684117853
"d__Viruses,-__ssRNA_viruses,-__ssRNA_positive_strand_viruses__no_DNA_stage,f__Flaviviridae,g__Flavivirus,-__Yellow_fever_virus_group,s__Uganda_S_virus",0.0005179932001619906
"d__Viruses,-__ssRNA_viruses,-__ssRNA_positive_strand_viruses__no_DNA_stage,f__Flaviviridae,g__Flavivirus,-__Yellow_fever_virus_group,s__Wesselsbron_virus",0.0005844865945171387
"d__Viruses,-__ssRNA_viruses,-__ssRNA_positive_strand_viruses__no_DNA_stage,f__Flaviviridae,g__Flavivirus,-__Yellow_fever_virus_group,s__Yellow_fever_virus",0.0008612530759038425
"d__Viruses,-__ssRNA_viruses,-__ssRNA_positive_strand_viruses__no_DNA_stage,f__Flaviviridae,g__Flavivirus,-__mosquito_borne_viruses,s__Ilheus_virus",0.000870396124845079
"d__Viruses,-__ssRNA_viruses,-__ssRNA_positive_strand_viruses__no_DNA_stage,f__Flaviviridae,g__Flavivirus,-__mosquito_borne_viruses,s__Sepik_virus",0.0005937738569853253
"d__Viruses,-__ssRNA_viruses,-__ssRNA_positive_strand_viruses__no_DNA_stage,f__Flaviviridae,g__Flavivirus,-__tick_borne_encephalitis_virus_group,s__Kyasanur_forest_disease_virus",0.000895905241517192
"d__Viruses,-__ssRNA_viruses,-__ssRNA_positive_strand_viruses__no_DNA_stage,f__Flaviviridae,g__Flavivirus,-__tick_borne_encephalitis_virus_group,s__Langat_virus",0.0008768538859712806
"d__Viruses,-__ssRNA_viruses,-__ssRNA_positive_strand_viruses__no_DNA_stage,f__Flaviviridae,g__Flavivirus,-__tick_borne_encephalitis_virus_group,s__Louping_ill_virus",0.0009054382887216343
"d__Viruses,-__ssRNA_viruses,-__ssRNA_positive_strand_viruses__no_DNA_stage,f__Flaviviridae,g__Flavivirus,-__tick_borne_encephalitis_virus_group,s__Omsk_hemorrhagic_fever_virus",0.0009336275674758105
"d__Viruses,-__ssRNA_viruses,-__ssRNA_positive_strand_viruses__no_DNA_stage,f__Flaviviridae,g__Flavivirus,-__tick_borne_encephalitis_virus_group,s__Phnom_Penh_bat_virus",0.00023476603217233705
"d__Viruses,-__ssRNA_viruses,-__ssRNA_positive_strand_viruses__no_DNA_stage,f__Flaviviridae,g__Flavivirus,-__tick_borne_encephalitis_virus_group,s__Powassan_virus",0.0009433250320730511
"d__Viruses,-__ssRNA_viruses,-__ssRNA_positive_strand_viruses__no_DNA_stage,f__Flaviviridae,g__Flavivirus,-__tick_borne_encephalitis_virus_group,s__Royal_Farm_virus",0.0007730743848401999
"d__Viruses,-__ssRNA_viruses,-__ssRNA_positive_strand_viruses__no_DNA_stage,f__Flaviviridae,g__Flavivirus,-__tick_borne_encephalitis_virus_group,s__Tick_borne_encephalitis_virus",0.0009716797796267995
"d__Viruses,-__ssRNA_viruses,-__ssRNA_positive_strand_viruses__no_DNA_stage,f__Flaviviridae,g__Flavivirus,-__unclassified_Flavivirus,s__Chaoyang_virus",0.0004235852253473399
"d__Viruses,-__ssRNA_viruses,-__ssRNA_positive_strand_viruses__no_DNA_stage,f__Flaviviridae,g__Flavivirus,-__unclassified_Flavivirus,s__Donggang_virus",0.0004991758888627266
"d__Viruses,-__ssRNA_viruses,-__ssRNA_positive_strand_viruses__no_DNA_stage,f__Flaviviridae,g__Flavivirus,-__unclassified_Flavivirus,s__Kamiti_River_virus",0.00010318755745670813
"d__Viruses,-__ssRNA_viruses,-__ssRNA_positive_strand_viruses__no_DNA_stage,f__Flaviviridae,g__Flavivirus,-__unclassified_Flavivirus,s__Nounane_virus",0.00035738469641110525
"d__Viruses,-__ssRNA_viruses,-__ssRNA_positive_strand_viruses__no_DNA_stage,f__Flaviviridae,g__Flavivirus,-__unclassified_Flavivirus,s__Paraiso_Escondido_virus",0.00039505615441051976
"d__Viruses,-__ssRNA_viruses,-__ssRNA_positive_strand_viruses__no_DNA_stage,f__Flaviviridae,g__Flavivirus,-__unclassified_Flavivirus,s__Quang_Binh_virus",0.00010315562432597178
"d__Viruses,-__ssRNA_viruses,-__ssRNA_positive_strand_viruses__no_DNA_stage,f__Flaviviridae,g__Flavivirus,-__unclassified_Flavivirus,s__Spanish_goat_encephalitis_virus",0.0008864997406516716
"d__Viruses,-__ssRNA_viruses,-__ssRNA_positive_strand_viruses__no_DNA_stage,f__Flaviviridae,g__Flavivirus,-__unclassified_Flavivirus,s__Spondweni_virus",0.0010122031974269226
"d__Viruses,-__ssRNA_viruses,-__ssRNA_positive_strand_viruses__no_DNA_stage,f__Flaviviridae,g__Flavivirus,-__unclassified_Flavivirus,s__T_Ho_virus",0.0009369587643501386
"d__Viruses,-__ssRNA_viruses,-__ssRNA_positive_strand_viruses__no_DNA_stage,f__Flaviviridae,g__Flavivirus,s__Aroa_virus",0.0009171882978119859
"d__Viruses,-__ssRNA_viruses,-__ssRNA_positive_strand_viruses__no_DNA_stage,f__Flaviviridae,g__Flavivirus,s__Gadgets_Gully_virus",0.0006972777898178597
"d__Viruses,-__ssRNA_viruses,-__ssRNA_positive_strand_viruses__no_DNA_stage,f__Flaviviridae,g__Flavivirus,s__Jugra_virus",0.0004235413705798752
"d__Viruses,-__ssRNA_viruses,-__ssRNA_positive_strand_viruses__no_DNA_stage,f__Flaviviridae,g__Flavivirus,s__Kadam_virus",0.00045157769958793537
"d__Viruses,-__ssRNA_viruses,-__ssRNA_positive_strand_viruses__no_DNA_stage,f__Flaviviridae,g__Flavivirus,s__Kedougou_virus",0.0006889847385161345
"d__Viruses,-__ssRNA_viruses,-__ssRNA_positive_strand_viruses__no_DNA_stage,f__Flaviviridae,g__Flavivirus,s__Montana_myotis_leukoencephalitis_virus",0.00016896648831315122
"d__Viruses,-__ssRNA_viruses,-__ssRNA_positive_strand_viruses__no_DNA_stage,f__Flaviviridae,g__Flavivirus,s__Yaounde_virus",0.0012144097304579652
"d__Viruses,-__ssRNA_viruses,-__ssRNA_positive_strand_viruses__no_DNA_stage,f__Flaviviridae,g__Flavivirus,s__Zika_virus",0.0011462892438280376
"d__Viruses,-__ssRNA_viruses,-__ssRNA_positive_strand_viruses__no_DNA_stage,f__Flaviviridae,g__Hepacivirus,-__unclassified_Hepacivirus,s__Bat_hepacivirus",0.00013139864471683593
"d__Viruses,-__ssRNA_viruses,-__ssRNA_positive_strand_viruses__no_DNA_stage,f__Flaviviridae,g__Hepacivirus,s__Hepatitis_C_virus",0.0018082658054035237
"d__Viruses,-__ssRNA_viruses,-__ssRNA_positive_strand_viruses__no_DNA_stage,f__Flaviviridae,g__Pegivirus,s__Pegivirus_C",0.0006708872720400643
"d__Viruses,-__ssRNA_viruses,-__ssRNA_positive_strand_viruses__no_DNA_stage,f__Hepeviridae,g__Orthohepevirus,s__Orthohepevirus_A",0.001051225956757678
"d__Viruses,-__ssRNA_viruses,-__ssRNA_positive_strand_viruses__no_DNA_stage,f__Togaviridae,g__Alphavirus,-__EEEV_complex,s__Eastern_equine_encephalitis_virus",0.0010919518401762316
"d__Viruses,-__ssRNA_viruses,-__ssRNA_positive_strand_viruses__no_DNA_stage,f__Togaviridae,g__Alphavirus,-__SFV_complex,s__Chikungunya_virus",0.0011832286875703734
"d__Viruses,-__ssRNA_viruses,-__ssRNA_positive_strand_viruses__no_DNA_stage,f__Togaviridae,g__Alphavirus,-__SFV_complex,s__Getah_virus",0.0011794696191454552
"d__Viruses,-__ssRNA_viruses,-__ssRNA_positive_strand_viruses__no_DNA_stage,f__Togaviridae,g__Alphavirus,-__SFV_complex,s__Mayaro_virus",0.0011499059167886265
"d__Viruses,-__ssRNA_viruses,-__ssRNA_positive_strand_viruses__no_DNA_stage,f__Togaviridae,g__Alphavirus,-__SFV_complex,s__O_nyong_nyong_virus",0.0010776273126072858
"d__Viruses,-__ssRNA_viruses,-__ssRNA_positive_strand_viruses__no_DNA_stage,f__Togaviridae,g__Alphavirus,-__SFV_complex,s__Ross_River_virus",0.0012272623487327803
"d__Viruses,-__ssRNA_viruses,-__ssRNA_positive_strand_viruses__no_DNA_stage,f__Togaviridae,g__Alphavirus,-__SFV_complex,s__Semliki_Forest_virus",0.0012081200890394017
"d__Viruses,-__ssRNA_viruses,-__ssRNA_positive_strand_viruses__no_DNA_stage,f__Togaviridae,g__Alphavirus,-__VEEV_complex,s__Venezuelan_equine_encephalitis_virus",0.0011205013768872851
"d__Viruses,-__ssRNA_viruses,-__ssRNA_positive_strand_viruses__no_DNA_stage,f__Togaviridae,g__Alphavirus,-__WEEV_complex,s__Sindbis_virus",0.0009376420669798454
"d__Viruses,-__ssRNA_viruses,-__ssRNA_positive_strand_viruses__no_DNA_stage,f__Togaviridae,g__Alphavirus,-__WEEV_complex,s__Western_equine_encephalitis_virus",0.001071445503247523
"d__Viruses,-__ssRNA_viruses,-__ssRNA_positive_strand_viruses__no_DNA_stage,f__Togaviridae,g__Alphavirus,s__Barmah_Forest_virus",0.0008709481975159043
"d__Viruses,-__ssRNA_viruses,-__ssRNA_positive_strand_viruses__no_DNA_stage,f__Togaviridae,g__Rubivirus,s__Rubella_virus",0.0005362434733524625
"d__Viruses,-__ssRNA_viruses,-__ssRNA_positive_strand_viruses__no_DNA_stage,o__Nidovirales,f__Coronaviridae,-__Coronavirinae,g__Alphacoronavirus,s__Human_coronavirus_229E",0.00242275114749444
"d__Viruses,-__ssRNA_viruses,-__ssRNA_positive_strand_viruses__no_DNA_stage,o__Nidovirales,f__Coronaviridae,-__Coronavirinae,g__Alphacoronavirus,s__Human_coronavirus_NL63",0.0021939364136704933
"d__Viruses,-__ssRNA_viruses,-__ssRNA_positive_strand_viruses__no_DNA_stage,o__Nidovirales,f__Coronaviridae,-__Coronavirinae,g__Betacoronavirus,s__Betacoronavirus_1",0.0025698099869121203
"d__Viruses,-__ssRNA_viruses,-__ssRNA_positive_strand_viruses__no_DNA_stage,o__Nidovirales,f__Coronaviridae,-__Coronavirinae,g__Betacoronavirus,s__Human_coronavirus_HKU1",0.002402235706219015
"d__Viruses,-__ssRNA_viruses,-__ssRNA_positive_strand_viruses__no_DNA_stage,o__Nidovirales,f__Coronaviridae,-__Coronavirinae,g__Betacoronavirus,s__Middle_East_respiratory_syndrome_related_coronavirus",0.0029533997768114825
"d__Viruses,-__ssRNA_viruses,-__ssRNA_positive_strand_viruses__no_DNA_stage,o__Nidovirales,f__Coronaviridae,-__Coronavirinae,g__Betacoronavirus,s__SARS_related_coronavirus",0.002320383384160779
"d__Viruses,-__ssRNA_viruses,-__ssRNA_positive_strand_viruses__no_DNA_stage,o__Picornavirales,f__Picornaviridae,g__Cardiovirus,s__Cardiovirus_A",0.0005073662056524354
"d__Viruses,-__ssRNA_viruses,-__ssRNA_positive_strand_viruses__no_DNA_stage,o__Picornavirales,f__Picornaviridae,g__Cardiovirus,s__Cardiovirus_B",0.00032847811397252044
"d__Viruses,-__ssRNA_viruses,-__ssRNA_positive_strand_viruses__no_DNA_stage,o__Picornavirales,f__Picornaviridae,g__Cosavirus,-__unclassified_Cosavirus,s__Cosavirus_JMY_2014",0.00034764634031757963
"d__Viruses,-__ssRNA_viruses,-__ssRNA_positive_strand_viruses__no_DNA_stage,o__Picornavirales,f__Picornaviridae,g__Cosavirus,-__unclassified_Cosavirus,s__Human_cosavirus",0.00035731076633756465
"d__Viruses,-__ssRNA_viruses,-__ssRNA_positive_strand_viruses__no_DNA_stage,o__Picornavirales,f__Picornaviridae,g__Cosavirus,-__unclassified_Cosavirus,s__Human_cosavirus_B",0.0003855376369363863
"d__Viruses,-__ssRNA_viruses,-__ssRNA_positive_strand_viruses__no_DNA_stage,o__Picornavirales,f__Picornaviridae,g__Cosavirus,-__unclassified_Cosavirus,s__Human_cosavirus_D",0.00031957890779208575
"d__Viruses,-__ssRNA_viruses,-__ssRNA_positive_strand_viruses__no_DNA_stage,o__Picornavirales,f__Picornaviridae,g__Cosavirus,-__unclassified_Cosavirus,s__Human_cosavirus_E",0.0003571629979134162
"d__Viruses,-__ssRNA_viruses,-__ssRNA_positive_strand_viruses__no_DNA_stage,o__Picornavirales,f__Picornaviridae,g__Cosavirus,-__unclassified_Cosavirus,s__Human_cosavirus_F",0.00041385667390915845
"d__Viruses,-__ssRNA_viruses,-__ssRNA_positive_strand_viruses__no_DNA_stage,o__Picornavirales,f__Picornaviridae,g__Cosavirus,s__Cosavirus_A",0.0005847898057931919
"d__Viruses,-__ssRNA_viruses,-__ssRNA_positive_strand_viruses__no_DNA_stage,o__Picornavirales,f__Picornaviridae,g__Enterovirus,-__unclassified_Enterovirus,s__Human_enterovirus",0.000816404025061705
"d__Viruses,-__ssRNA_viruses,-__ssRNA_positive_strand_viruses__no_DNA_stage,o__Picornavirales,f__Picornaviridae,g__Enterovirus,s__Enterovirus_A",0.0010792535004106893
"d__Viruses,-__ssRNA_viruses,-__ssRNA_positive_strand_viruses__no_DNA_stage,o__Picornavirales,f__Picornaviridae,g__Enterovirus,s__Enterovirus_B",0.0011608050806807498
"d__Viruses,-__ssRNA_viruses,-__ssRNA_positive_strand_viruses__no_DNA_stage,o__Picornavirales,f__Picornaviridae,g__Enterovirus,s__Enterovirus_C",0.0010830082711162652
"d__Viruses,-__ssRNA_viruses,-__ssRNA_positive_strand_viruses__no_DNA_stage,o__Picornavirales,f__Picornaviridae,g__Enterovirus,s__Enterovirus_D",0.0008750321003623775
"d__Viruses,-__ssRNA_viruses,-__ssRNA_positive_strand_viruses__no_DNA_stage,o__Picornavirales,f__Picornaviridae,g__Enterovirus,s__Enterovirus_H",0.0006350590510132509
"d__Viruses,-__ssRNA_viruses,-__ssRNA_positive_strand_viruses__no_DNA_stage,o__Picornavirales,f__Picornaviridae,g__Enterovirus,s__Rhinovirus_A",0.001346704871060172
"d__Viruses,-__ssRNA_viruses,-__ssRNA_positive_strand_viruses__no_DNA_stage,o__Picornavirales,f__Picornaviridae,g__Enterovirus,s__Rhinovirus_B",0.0009317006388804381
"d__Viruses,-__ssRNA_viruses,-__ssRNA_positive_strand_viruses__no_DNA_stage,o__Picornavirales,f__Picornaviridae,g__Enterovirus,s__Rhinovirus_C",0.0007569378080973422
"d__Viruses,-__ssRNA_viruses,-__ssRNA_positive_strand_viruses__no_DNA_stage,o__Picornavirales,f__Picornaviridae,g__Hepatovirus,s__Hepatovirus_A",0.00036736308660349277
"d__Viruses,-__ssRNA_viruses,-__ssRNA_positive_strand_viruses__no_DNA_stage,o__Picornavirales,f__Picornaviridae,g__Kobuvirus,s__Aichivirus_A",0.0006011139392687073
"d__Viruses,-__ssRNA_viruses,-__ssRNA_positive_strand_viruses__no_DNA_stage,o__Picornavirales,f__Picornaviridae,g__Parechovirus,-__unclassified_Parechovirus,s__Human_parechovirus",0.000441376719725783
"d__Viruses,-__ssRNA_viruses,-__ssRNA_positive_strand_viruses__no_DNA_stage,o__Picornavirales,f__Picornaviridae,g__Rosavirus,s__Rosavirus_A",0.0005070089289905828
"d__Viruses,-__ssRNA_viruses,-__ssRNA_positive_strand_viruses__no_DNA_stage,o__Picornavirales,f__Picornaviridae,g__Salivirus,-__unclassified_Salivirus,s__Salivirus_FHB",0.00046993806216340684
"d__Viruses,-__ssRNA_viruses,-__ssRNA_positive_strand_viruses__no_DNA_stage,o__Picornavirales,f__Picornaviridae,g__Salivirus,s__Salivirus_A",0.0004887585532746823
"d__Viruses,g__Deltavirus,s__Hepatitis_delta_virus",0.0002448602883700781
